loss,accuracy,val_loss,val_accuracy
0.015687763690948486,0.9939963221549988,0.0027298147324472666,0.9991376399993896
0.001793157891370356,0.9993661046028137,0.0018342724069952965,0.9992910027503967
0.0009825830347836018,0.9995611310005188,0.0021130265668034554,0.999414324760437
0.000827635929454118,0.9996253252029419,0.0023588540498167276,0.9992910027503967
0.0007557247299700975,0.9996766448020935,0.0013397609582170844,0.9994657039642334
0.0006652987794950604,0.9997074604034424,0.0012186154490336776,0.9995273351669312
0.0005224542692303658,0.999751091003418,0.00184840417932719,0.9994553923606873
0.0004969145520590246,0.9997690320014954,0.001830375986173749,0.9994040131568909
0.0005064133438281715,0.9997715950012207,0.0012392931384965777,0.9995787143707275
