generated,count,mean,std,min,25%,50%,75%,max
0,305797.0,175.46212683577667,82.56457108518866,6.0,114.0,160.0,218.0,850.0
1,181438.0,169.69094676969544,68.19836204111536,0.0,125.0,163.0,201.0,738.0
