generated,lexical_diversity,repetition_ratio
0,0.5447165626287221,0.45528343737127785
1,0.5726903618831309,0.42728208049387933
