generated,prop_verbs,prop_nouns,prop_adjs
0,0.14382947363835072,0.4823616830965043,0.12268168760050925
1,0.13551921628239488,0.45672355447750496,0.13871886565321673
