model_name,accuracy,f1,roc_auc
TFIDF + LinearSVC,0.9997434502857964,0.9996554717969213,0.0
SafeTFIDF + ANN,0.9995279485258654,0.9993662340525199,0.9999988483051073
BoW + LogisticRegression,0.9992508748345255,0.9989939221874612,0.9999907190784232
SafeTFIDF + XGBoost,0.9887836464950178,0.984817124838517,0.9993534798960427
TFIDF + NaiveBayes,0.985756359867415,0.9806701389856001,0.9988893851540379
Word2Vec + LogisticRegression,0.9685264810615001,0.9574600884918929,0.9934877175740898
